Port,SupplyDemand,Num Samples
Aberdeen-f8ea5ddd09c3,Demand,19
Aberdeen-f8ea5ddd09c3,Supply,43
Abidjan-ef95aea8399b,Demand,786
Abidjan-ef95aea8399b,Supply,55
Abkatun Terminal-e054acbce2af,Supply,218
Abu Al Bu Khoosh-bf7cab492b9b,Supply,122
Acajutla-9e6d3e562992,Demand,50
Ad Dakhla-e4ef831f6712,Supply,215
Aden-0150d4fee758,Demand,46
Afia Terminal-39319bbba149,Supply,201
Agioi Theodoroi-7d3292626911,Demand,116
Agioi Theodoroi-7d3292626911,Supply,135
Aguadulce-f392c2c62fc6,Demand,34
Aguadulce-f392c2c62fc6,Supply,48
Ain Sukhna-1a3e7c53d691,Demand,1590
Ain Sukhna-1a3e7c53d691,Supply,194
Akita-219577441025,Demand,29
Al Basrah-1fc976f51917,Demand,12
Al Basrah-1fc976f51917,Supply,164
Al Muajjiz Terminal-e69352f09461,Demand,2091
Al Muajjiz Terminal-e69352f09461,Supply,13
Al Rayyan Terminal-63332acc77de,Supply,521
Al Shaheen-a874751f27d5,Demand,304
Al Shaheen-a874751f27d5,Supply,216
Alexandria-25fd86a43725,Supply,354
Algeciras-f1a4cd999637,Demand,96
Algeciras-f1a4cd999637,Supply,299
Aliaga-21b1378cef5b,Demand,17
Aliaga-21b1378cef5b,Supply,42
Alliance-c82ad425b780,Demand,341
Alliance-c82ad425b780,Supply,661
Ama-34f12b4c6a17,Demand,16
Ama-34f12b4c6a17,Supply,91
Ambelaki-f95bf05978df,Demand,10
Ambelaki-f95bf05978df,Supply,22
Amlwch-6eee8273399a,Demand,39
Amlwch-6eee8273399a,Supply,41
Amsterdam-a65eb5b59856,Supply,171
Amuay Bay-5e4554330016,Demand,18
Amuay Bay-5e4554330016,Supply,120
An Ping-e585fb95bd8e,Demand,12
Angra Dos Reis-d87b536f17a4,Demand,9
Angra Dos Reis-d87b536f17a4,Supply,203
Anholt-246b0793176c,Demand,138
Anholt-246b0793176c,Supply,303
Anse Tombladora-1a2328b8249e,Supply,999
Antan-a36fe373d14d,Supply,27
Antifer-d5d78c86794b,Demand,15
Antwerp-03800591867c,Demand,82
Antwerp-03800591867c,Supply,277
Anyer Lor-41852ba9c84a,Demand,9
Aqaba-e84221d81a14,Demand,32
Ardjuna-d97dccde6b8e,Supply,197
Ardrossan-8bbd0ea8f7b5,Demand,23
Ardrossan-8bbd0ea8f7b5,Supply,14
Argostolion-b076142a4144,Supply,60
Arraial do Cabo-b054cfd95b71,Demand,40
Arraial do Cabo-b054cfd95b71,Supply,23
Arrecife-51da4f6c5723,Demand,207
Arzew-4edb5359fa3e,Supply,53
Ash Shihr-578880cc7d3c,Supply,21
Ashburton-c47dc19835ce,Supply,118
Ashkelon-fd167dd07904,Demand,56
Ashtart-1a30d67c61b9,Supply,219
Asnaes-db5dc2dfd9d6,Supply,36
Aspropyrgos-24a155d8c02c,Demand,36
Assaluyeh-6ac34a3404e7,Demand,18
Assaluyeh-6ac34a3404e7,Supply,223
Atapupu-01acb336185f,Supply,267
Augusta-facbcc9badd3,Demand,13
Augusta-facbcc9badd3,Supply,308
Avalon-9dcfdaa2a4cd,Demand,10
Avalon-9dcfdaa2a4cd,Supply,291
Az Zawiyah-55a0bc1ebc27,Demand,70
Az Zawiyah-55a0bc1ebc27,Supply,74
Bahia Blanca-40a025c02835,Demand,769
Bahia Blanca-40a025c02835,Supply,17
Bahia Solano-723a94ced88c,Demand,12
Bahia Solano-723a94ced88c,Supply,18
Baia Do Ambriz-f4742dd26d85,Supply,40
Baia dos Tigres-486c1244464d,Supply,145
Bajo Grande-43af8c97bb52,Supply,35
Balboa-9c622572e868,Demand,5091
Balhaf-acb13478c949,Supply,10
Balikpapan-5fa8d362a22a,Demand,856
Balikpapan-5fa8d362a22a,Supply,42
Balongan-1fd4b61205b9,Demand,15
Balongan-1fd4b61205b9,Supply,29
Ban Ao Udom-d8ec7fa8f70d,Demand,187
Ban Ao Udom-d8ec7fa8f70d,Supply,11
Bandar Abbas-ce830646c7b4,Demand,33
Bandar Abbas-ce830646c7b4,Supply,844
Bandar E Mah Shahr-b3a8f44bd40a,Supply,13
Bandar Khomeyni-469b12bf5317,Demand,189
Bandar Khomeyni-469b12bf5317,Supply,469
Banghazi-8cfcf0a3b699,Supply,14
Baniyas-2767f0e61d83,Demand,9
Bantry-a03eff11cb26,Demand,47
Bantry-a03eff11cb26,Supply,113
Barbate-dd2d95f36a72,Supply,39
Barhoft-78b54c170ecc,Demand,60
Barhoft-78b54c170ecc,Supply,62
Barrow Island-b4dc6226b554,Supply,52
Bashayer-5e903d6d5c2c,Supply,24
Bata-b6159c5149fa,Supply,1578
Bataan-377c90243a7a,Demand,10
Bataan-377c90243a7a,Supply,23
Batangas City-599a4ab12ead,Demand,281
Batangas City-599a4ab12ead,Supply,424
Baton Rouge-1866b408e4d1,Demand,23
Baton Rouge-1866b408e4d1,Supply,191
Batu Ampar-c13dce863ef5,Demand,518
Batu Pahat-a352e0bacf9e,Demand,16
Batu Pahat-a352e0bacf9e,Supply,108
Batumskaya Bukhta-673ddbe4e080,Supply,114
Bayovar-c615c58ed79a,Supply,11
Baytown-0bbc5d394cf2,Demand,2217
Baytown-0bbc5d394cf2,Supply,1545
Bayuquan-2d56aa4f17ec,Demand,13
Bayuquan-2d56aa4f17ec,Supply,735
Beaumaris-08ae971b5c71,Demand,24
Beaumaris-08ae971b5c71,Supply,69
Bedhampton-cd5a6e3297a6,Demand,166
Beilun-16a7df7c1e03,Demand,231
Beilun-16a7df7c1e03,Supply,127
Bejaia-27cbf19e9922,Supply,10
Belanak Terminal-fdbee8594eac,Supply,55
Belawan-83191c2a3b22,Demand,51
Belawan-83191c2a3b22,Supply,12
Belle Chasse-d4dbce12087d,Demand,36
Belle Chasse-d4dbce12087d,Supply,71
Bellingham-82d03680a0b3,Demand,870
Bellingham-82d03680a0b3,Supply,688
Benchamas-12dbefd04f36,Supply,156
Benicia-2b89d641c94e,Demand,69
Benicia-2b89d641c94e,Supply,78
Beryl Terminal-fd1acfcd9ad2,Supply,114
Beykoz-753956718b0e,Demand,16
Beykoz-753956718b0e,Supply,219
Bilbao-8ca9c71dff9e,Demand,50
Bilbao-8ca9c71dff9e,Supply,262
Bin Qasim-80d463699f40,Demand,12
Bin Qasim-80d463699f40,Supply,40
Bintulu-9138ac0a6d36,Supply,167
Bizerte-7acaf9640d06,Demand,21
Bizerte-7acaf9640d06,Supply,126
Bonny-775a4af5a5d0,Supply,408
Boothville-58c144c740f9,Demand,94
Borssele-de0808e9fb6b,Demand,10
Botany Bay-e95064e7be7a,Demand,25
Boulogne-sur-mer-24b4a8d53d38,Demand,12
Bourgas-16d93a3bfdd3,Demand,80
Bourgas-16d93a3bfdd3,Supply,77
Bouri-58e9b14b246d,Supply,121
Bozcaada-66352f54629d,Demand,128
Bozcaada-66352f54629d,Supply,52
Braithwaite-b1d8281d4bdb,Demand,83
Braithwaite-b1d8281d4bdb,Supply,27
Brass River-514a6c5295d8,Supply,459
Bridlington-7a14825d8088,Demand,14
Brisbane-2fb2da59f3d2,Demand,161
Brofjorden-8f0115714312,Demand,190
Brownsville-03c37f9d341d,Supply,59
Brunsbuttel-04769aa33742,Demand,148
Buenos Aires-5bd47f0ab4c0,Demand,14
Bukhta Vanina-3afcf26fbc36,Supply,61
Bullen Baai-4c584f3701f5,Demand,32
Bullen Baai-4c584f3701f5,Supply,15
Burnside-9cb1bffd1db9,Demand,447
Busan-de280da8be4e,Demand,26
Bushehr-f81f1081948c,Supply,23
Butinge Terminal-f297ef573599,Demand,69
Cabinda-459ca6a07faf,Supply,28
Calais-37c741d0d905,Demand,15
Caleta Cordova-d38c32cf43d2,Supply,18
Caleta Olivia-e52e82965ea8,Supply,50
Caleta Paula-700d0c4f0c4f,Supply,189
Callao-324582de5e88,Demand,789
Callao-324582de5e88,Supply,198
Canuku Terminal-f70399be83e6,Supply,78
Caofeidian-29498c3cc308,Demand,97
Caofeidian-29498c3cc308,Supply,403
Cap Lopez-96c15e5e9e71,Supply,11
Cape Comorin-a3ddd23d6cf8,Demand,188
Cape Comorin-a3ddd23d6cf8,Supply,93
Cape Henlopen-e6bb66ba06d7,Demand,93
Cape Henlopen-e6bb66ba06d7,Supply,342
Cape May-485c180b3d95,Demand,381
Cape May-485c180b3d95,Supply,65
Cape Town-991a024cbdf1,Supply,67
Car Nicobar-b5a690362da1,Demand,11
Car Nicobar-b5a690362da1,Supply,12
Cartagena-4232156d91ca,Supply,137
Cartagena-c83bf0dcc291,Demand,268
Cartagena-c83bf0dcc291,Supply,38
Castellon-08c2845d53fd,Demand,2555
Castries-21a3c522ed78,Demand,2258
Castries-21a3c522ed78,Supply,165
Cayo Arcas Terminal-b6b6e0d459e4,Demand,18
Cayo Arcas Terminal-b6b6e0d459e4,Supply,14
Ceuta-e2de790bdd0f,Demand,53
Ceuta-e2de790bdd0f,Supply,38
Ceyhan-3b530c868db0,Demand,51
Ceyhan-3b530c868db0,Supply,26
Chalmette-195ea9ec9b9d,Demand,881
Changxingdao-5c16d1a2a8e9,Demand,42
Changxingdao-5c16d1a2a8e9,Supply,21
Charco Azul-07e1063ddabf,Demand,36
Charco Azul-07e1063ddabf,Supply,13
Chennai-b824911cec6f,Demand,562
Cherbourg-61cd5e165c61,Demand,687
Cherry Point-69fb11f0514e,Demand,28
Cherry Point-69fb11f0514e,Supply,13
Chiba-6cce4016be7b,Demand,46
Chiba-6cce4016be7b,Supply,11
Chiriqui Grande-4479d7260a3a,Demand,164
Chiriqui Grande-4479d7260a3a,Supply,14
Chisepo-478015b7d098,Demand,1012
Chisepo-478015b7d098,Supply,195
Chittagong-68f7430b285f,Demand,29
Cienfuegos-b7bb7d28b57f,Demand,53
Cigading-b43a4e1b01ee,Demand,32
Cinta-3a938c039496,Supply,61
Coatzacoalcos-230dbf9a65a3,Demand,21
Coatzacoalcos-230dbf9a65a3,Supply,484
Cockatoo Island-e15fd694df57,Supply,120
Coden-32c1141edbaa,Demand,28
Coden-32c1141edbaa,Supply,20
Collo-118a9d1325e2,Supply,1391
Colombo-04104bbca75f,Demand,384
Colombo-04104bbca75f,Supply,292
Colon-c99513f17c23,Demand,454
Colon-c99513f17c23,Supply,434
Come By Chance Harbor-84989c92b9a6,Demand,70
Come By Chance Harbor-84989c92b9a6,Supply,12
Comodoro Rivadavia-9d8471f8614d,Demand,16
Comodoro Rivadavia-9d8471f8614d,Supply,173
Conchan-b7b91348d404,Demand,18
Constantza-8640b9ce4f82,Demand,9
Constantza-8640b9ce4f82,Supply,48
Cork-5b70e0e2edb0,Demand,568
Cork-5b70e0e2edb0,Supply,64
Corpus Christi-7a30d31f121f,Demand,104
Corpus Christi-7a30d31f121f,Supply,373
Cossack-71584b369f53,Supply,27
Covenas-76285da2ae54,Demand,615
Covenas-76285da2ae54,Supply,39
Cowes Harbor-492fd1fcdad3,Demand,23
Cristobal-7a0a146c6f4c,Demand,20
Cyrus Terminal-7929470e34f7,Supply,14
Daesan-5e616be98516,Demand,22
Daesan-5e616be98516,Supply,98
Daishan-8d1d2ae11d71,Demand,21
Daishan-8d1d2ae11d71,Supply,586
Dakar-c995aa8a2b7f,Demand,33
Dakar-c995aa8a2b7f,Supply,28
Dalian-641923403d46,Demand,195
Dalian-641923403d46,Supply,691
Dampier-0770da9372ac,Supply,11
Dar-es-Salaam-9761ca3cc83c,Demand,33
Das Island-6bbe24b74298,Demand,1923
Das Island-6bbe24b74298,Supply,11
Davant-8ed4143ccb1f,Demand,51
Davant-8ed4143ccb1f,Supply,96
De Kastri-152e8b122f41,Supply,1308
Deendayal (Kandla)-cb8c572f1f7c,Demand,12
Deendayal (Kandla)-cb8c572f1f7c,Supply,1053
Delair-c0288683f54a,Demand,33
Delair-c0288683f54a,Supply,13
Delaware-b7084da9a089,Demand,9
Delaware-b7084da9a089,Supply,10
Delma-ebf81718f685,Demand,29
Delma-ebf81718f685,Supply,55
Destrehan-3e0eb54ab1e0,Demand,95
Destrehan-3e0eb54ab1e0,Supply,407
Dibba-63aec6d8d867,Supply,18
Djeno-e44e1a5065f3,Supply,25
Doha-334c3d200e3d,Supply,128
Donges-29e6374381eb,Demand,47
Donges-29e6374381eb,Supply,650
Dongjiakou-192facca7a0e,Demand,18
Dongjiakou-192facca7a0e,Supply,50
Dongying-5b327b4206b2,Demand,9
Dongying-5b327b4206b2,Supply,48
Dortyol-c92e8c6577c4,Supply,563
Dos Bocas-51ae87032a0e,Demand,29
Dos Bocas-51ae87032a0e,Supply,22
Dubai-dd89e73f6ea8,Demand,100
Dubai-dd89e73f6ea8,Supply,10
Dumai-2e7d15752dc3,Demand,257
Dumai-2e7d15752dc3,Supply,290
Dung Quat-6cad81c97377,Demand,219
Dunkirk-b1108d988a99,Demand,17
Durban-2c15a692c2d1,Demand,201
Durban-2c15a692c2d1,Supply,260
El Hamra Oil Terminal-c68ec7f166d6,Supply,94
El Palito-45b3dde23b18,Demand,24
El Palito-45b3dde23b18,Supply,20
El Segundo-44e37d0a9803,Demand,11
El Segundo-44e37d0a9803,Supply,1129
El Tablazo-8969089cb572,Supply,16
El-adabiya-794d933b1efe,Demand,43
Elevsis-fbce199af529,Demand,201
Ennore-c2e869988696,Demand,755
Ensted-599085667443,Supply,15
Erawan Terminal-18706d4ae0a3,Supply,78
Es Sider-7b388828f370,Supply,20
Escombreras-8ff2f5149d51,Demand,21
Escombreras-8ff2f5149d51,Supply,48
Escravos-d10fa4d128c1,Supply,30
Esmeraldas-2296c98900e5,Supply,16
Espevik-a06db0b14de5,Supply,29
Everingen-b13bb9bb37c6,Supply,523
Exmouth-8319bd3b7298,Supply,54
Eyemouth-c92fdb008442,Supply,54
Ez Zueitina-df251b334fca,Supply,20
Falconara-dded61335358,Demand,35
Fanara-d8097cc33917,Demand,1019
Fanara-d8097cc33917,Supply,39
Fangcheng-e432e416e141,Demand,136
Fangcheng-e432e416e141,Supply,155
Fateh Terminal-07b4753abaf1,Supply,269
Fawley-a9deff035346,Demand,31
Fawley-a9deff035346,Supply,23
Fedje-7d42a4d15909,Supply,33
Felton-75d2c607efac,Demand,10
Ferndale-202bfe1fc498,Demand,426
Ferndale-202bfe1fc498,Supply,138
Ferrol-95cf5ab44ffa,Demand,55
Ferrol-95cf5ab44ffa,Supply,13
Finnart Oil Terminal-68b4bb1f9d17,Demand,659
Forcados-344ee102e813,Supply,89
Fort De France-e336039d97b0,Demand,65
Fortaleza-5baebe8b4683,Demand,344
Forties Terminal-758cde43cb57,Supply,22
Fos-a89094aa52c0,Demand,19
Fos-a89094aa52c0,Supply,44
Fraserburgh Harbor-6dfcea86689c,Supply,70
Fredericia-2ce2fe57cad8,Supply,11
Frederikshavn-09d8333af9ca,Demand,13
Frederikshavn-09d8333af9ca,Supply,571
Freeport-3415bc29dc8c,Demand,12
Freeport-3415bc29dc8c,Supply,158
Freeport-fd2e0532af21,Demand,564
Freeport-fd2e0532af21,Supply,34
Fremantle-4a5c2747a538,Demand,1008
Fremantle-4a5c2747a538,Supply,1225
Fuik Bay-bf0ab432d8f5,Demand,28
Fuik Bay-bf0ab432d8f5,Supply,31
Fujairah-ca26fade3b91,Demand,4995
Fujairah-ca26fade3b91,Supply,660
Fulmar Terminal-dd94ed4fe8fa,Supply,20
Galeota Point-0c028f687ae9,Supply,723
Galle Harbor-5d159c090d3b,Demand,181
Galle Harbor-5d159c090d3b,Supply,46
Galtby-cc4d98f09f61,Demand,38
Galveston-80916f3912d8,Demand,83
Galveston-80916f3912d8,Supply,59
Gamba-1049c893b584,Supply,11
Ganyu-b9e49bd08429,Demand,10
Garyville-04c030e40e80,Demand,119
Gdansk-34ceedb9667f,Demand,12
Gdansk-34ceedb9667f,Supply,24
Gedser-86f23e05be91,Demand,24
Gedser-86f23e05be91,Supply,15
Geelong-80cda7bf3ed2,Demand,429
Geelong-80cda7bf3ed2,Supply,83
Geisum Terminal-715734f5be45,Demand,2186
Gelendzhik-4f847e0e589a,Supply,503
Gelibolu-15f5e85c3281,Demand,41
Gelibolu-15f5e85c3281,Supply,25
Genoa-65f8cdf3c546,Demand,172
Genoa-65f8cdf3c546,Supply,296
George Town-1221ebf98ef5,Demand,57
Gibraltar-1fcc4603c786,Demand,181
Gibraltar-1fcc4603c786,Supply,291
Gombe Beta Terminal-c62d043fa5f7,Supply,12
Good Hope-431d3b6c8970,Demand,222
Good Hope-431d3b6c8970,Supply,166
Gorm Terminal-6743587d7141,Supply,101
Gothenburg-de0033e99214,Demand,15
Gothenburg-de0033e99214,Supply,29
Goto Oil Terminal-bc3f343bfee1,Demand,65
Goto Oil Terminal-bc3f343bfee1,Supply,32
Gramercy-f85565631382,Demand,47
Gramercy-f85565631382,Supply,306
Grand Cul De Sac Bay-8f457aa4d65c,Demand,110
Grand Cul De Sac Bay-8f457aa4d65c,Supply,52
Great Yarmouth-b48776078bc6,Demand,17
Great Yarmouth-b48776078bc6,Supply,111
Greenville-91bdcff51488,Supply,97
Gretna-b35f7810ad7c,Supply,21
Grimsby-d6f49c2e1bad,Demand,499
Grimsby-d6f49c2e1bad,Supply,631
Gryphon Terminal-c60fa19a5389,Supply,25
Guamare Oil Terminal-0c8a73f24606,Supply,16
Guaranao Bay-80e98c0db688,Demand,765
Guaranao Bay-80e98c0db688,Supply,23
Guayanilla-422800078285,Demand,176
Guiria-f17a49448be0,Supply,41
Gulei-276457416195,Demand,160
Gulf Gateway-e0932031b5b6,Demand,31
Gulf Gateway-e0932031b5b6,Supply,156
Gullfaks Terminal-58491a793280,Supply,12
Gunsan-6a244100846b,Demand,12
Gwadar-38dd638e81c2,Demand,31
Gwangyang-11ecb2ca4f7f,Demand,43
Gwangyang-11ecb2ca4f7f,Supply,186
Haifa-3a42a4f6784e,Demand,149
Halsskov-67355b8e1ffe,Demand,2819
Halul-b31f44d24105,Supply,41
Hambantota-597b12547c60,Demand,374
Hambantota-597b12547c60,Supply,31
Hamble-253db081b2ef,Supply,47
Hamburg-063772b8f28b,Demand,45
Hamriyah Free Zone-2f684e795984,Demand,890
Hamriyah Free Zone-2f684e795984,Supply,17
Hartlepool-3ef4e9aa5ca8,Supply,21
Hastings-13abbef165b1,Demand,12
Hastings-89c8c399cf20,Supply,138
Hasvik-6cb08609d706,Supply,242
Hazira-5289b55a7b2a,Supply,20
Heidrun Field-f189358c23bc,Supply,226
Helgoland-c47a1ee22838,Demand,10
Helgoland-c47a1ee22838,Supply,9
Hempstead Harbour-2bf2cd41bbbb,Supply,48
Hidaka-780e273f0325,Demand,14
Hitakatsu-c69c95ac77ac,Demand,160
Hitakatsu-c69c95ac77ac,Supply,21
Hong Kong-0c90bc71ba92,Demand,52
Hong Kong-0c90bc71ba92,Supply,156
Honningsvag-7b9b43d5fd04,Demand,909
Honningsvag-7b9b43d5fd04,Supply,71
Honolulu-c946080c104a,Demand,22
Honolulu-c946080c104a,Supply,148
Hososhima Ko-a8c3b1f57b21,Demand,10
Hound Point-199882e34b06,Supply,496
Houston-453dd058edad,Demand,672
Houston-453dd058edad,Supply,153
Huanghua-501489ae5cef,Demand,32
Huanghua-501489ae5cef,Supply,13
Hudson Terminal-6bffa5cfeb7a,Supply,28
Huelva-8b415901e849,Demand,2704
Huizhou Terminal-5f8d257641f5,Supply,374
Huizhou-59dc66ffb6ae,Demand,9
Huizhou-59dc66ffb6ae,Supply,225
Huludao Gang-a3da10e3c819,Demand,181
Huludao Gang-a3da10e3c819,Supply,16
Icdas-bdb5025eb89f,Demand,11
Icdas-bdb5025eb89f,Supply,12
Imam Hasan-5e2120e8c00f,Supply,40
Immingham-03154ce774bb,Demand,211
Incheon-e1adfc095464,Demand,23
Irako-640c479c6310,Demand,22
Ishigaki-db841a8241a4,Demand,10
Isla Taboguilla-18cc376c453a,Demand,82
Isla Taboguilla-18cc376c453a,Supply,90
Istanbul-5b38615ba682,Demand,1650
Istanbul-5b38615ba682,Supply,13
Itaqui-c457a428c3f7,Demand,398
Iwakuni Ko-3ec9f7fd5723,Demand,337
Izuhara-ee439c3cbfc0,Demand,160
Jakarta-9cac7206c0ef,Demand,11
Jakarta-9cac7206c0ef,Supply,485
Jask-1817bd28cf9f,Demand,61
Jask-1817bd28cf9f,Supply,16
Jawaharlal Nehru-61a68ba39082,Supply,45
Jazireh-ye Sirri-ae52aab2f31b,Supply,15
Jebel Ali-c5a22157b696,Demand,17
Jebel Dhanna-4c73169e04bb,Supply,52
Jeddah-17dce7ee2e7d,Demand,1931
Jeddah-17dce7ee2e7d,Supply,25
Jeju-04d83fba8e92,Demand,91
Jieh-a3c0fd89df46,Demand,110
Jing Tang-d63c27036294,Demand,107
Jing Tang-d63c27036294,Supply,35
Jinghai-cc7e1300b78d,Supply,28
Jinzhou Wan-15248fa643b9,Demand,1167
Jinzhou Wan-15248fa643b9,Supply,11
Jizan-2b3fce189dd6,Demand,130
Jizan-2b3fce189dd6,Supply,220
Jose Ignacio-5cdb9d8087e6,Demand,68
Jounieh-6929b1988d12,Demand,19
Kalaeloa Barbers Point Harbor-fb6ec6d1b3e5,Demand,36
Kalaeloa Barbers Point Harbor-fb6ec6d1b3e5,Supply,23
Kalamata-017d361a10bc,Demand,402
Kalamata-017d361a10bc,Supply,78
Kali Limenes-4a137f39ea06,Demand,12
Kali Limenes-4a137f39ea06,Supply,318
Kalianget-b25d6300cd99,Supply,88
Kalundborg-8a215b9131f6,Demand,39
Kalundborg-8a215b9131f6,Supply,31
Kanokawa-23e6c8f81685,Demand,372
Kaohsiung-744e8721bf8f,Demand,30
Kaohsiung-744e8721bf8f,Supply,22
Karabane-105ea04156fc,Supply,47
Karachi-d8f24cbce54f,Demand,105
Karachi-d8f24cbce54f,Supply,32
Karimun-129f2fb1bc00,Demand,14
Karimun-129f2fb1bc00,Supply,68
Karsto-4ec9bbc93551,Supply,13
Kashima-8e7e597c2046,Demand,424
Kashima-8e7e597c2046,Supply,16
Kawasaki-3c5642389c14,Demand,78
Kawasaki-3c5642389c14,Supply,103
Keelung-ebeced683cfa,Demand,58
Kemaman-89e3dab4fd9b,Demand,107
Kemaman-89e3dab4fd9b,Supply,183
Kerteh-f886d5933d0d,Supply,35
Khalij-e Chabahar-327779f694cd,Demand,524
Kharg-15622ded90e9,Demand,18
Kharg-15622ded90e9,Supply,389
Khasab-567c7511ef5d,Supply,525
Khor Fakkan-6317b39e2dcf,Demand,9
Khor Fakkan-6317b39e2dcf,Supply,229
Khor al Amaya Oil Terminal-12c9d445a32f,Supply,23
Khor al Zubair-6ac463d74ecd,Demand,185
Khor al Zubair-6ac463d74ecd,Supply,115
Kiire-c1d11e2429fa,Demand,30
Kiire-c1d11e2429fa,Supply,14
Kijang-07f52d1400df,Supply,9
Kikuma-8856c476b731,Demand,27
King Fahd Industrial Port Jubail-c2b2fbc77ff4,Supply,396
King Fahd Port-34821f7aa799,Demand,10
King Fahd Port-34821f7aa799,Supply,645
Kingston-24bf0b1e7a21,Demand,557
Kingston-24bf0b1e7a21,Supply,17
Kirkenes-4b38b4662083,Demand,49
Kirkenes-4b38b4662083,Supply,15
Kish-e64f0503522c,Demand,10
Kish-e64f0503522c,Supply,161
Kithira-44cd4008ceb1,Supply,38
Kittiwake Terminal-7a36c7a7c2fd,Supply,457
Klaipeda-0d30f18498ba,Demand,528
Klaipeda-0d30f18498ba,Supply,24
Klintholm-5fd12c0b2425,Demand,188
Klintholm-5fd12c0b2425,Supply,20
Ko Si Chang Harbor-272da3f36a5a,Demand,27
Ko Si Chang Harbor-272da3f36a5a,Supply,103
Kobe-979d4b8273a3,Demand,38
Kochi-cc7460ea0c71,Demand,11
Kochi-cc7460ea0c71,Supply,49
Kota Agung-84a3447ce3f6,Demand,36
Kota Agung-84a3447ce3f6,Supply,110
Kotka-1240173c5e40,Supply,28
Kozmino-62a166ce6f35,Demand,16
Kozmino-62a166ce6f35,Supply,2590
Kralendijk-b24e8ab8457c,Demand,53
Kralendijk-b24e8ab8457c,Supply,212
Kribi-0d18ef4d8b20,Supply,598
Kuala Langsa-957e6e4a28ec,Demand,137
Kuala Langsa-957e6e4a28ec,Supply,20
Kuala Linggi Intl Port-6425839cf0d6,Demand,22
Kuala Linggi Intl Port-6425839cf0d6,Supply,18
Kuala Tanjung-1aa47709b95d,Demand,10
Kuala Tanjung-1aa47709b95d,Supply,177
Kuito-2ac15f568c8e,Demand,185
Kuito-2ac15f568c8e,Supply,17
Kukup-739aed8dab99,Demand,3209
Kukup-739aed8dab99,Supply,17
Kulevi-76c1817b32b4,Supply,29
Kumul-d1c90b85ecf3,Supply,154
Kurihama-150096464713,Demand,209
Kwinana-e56ccfd3aeb7,Demand,362
Kyaukpyu-025759676013,Demand,178
LOOP-c19184b7b547,Demand,59
LOOP-c19184b7b547,Supply,11
La Coruna-0a44300307c1,Demand,12
La Estacada-30ea10c184a9,Supply,845
La Paloma-38165a549d3a,Demand,66
La Paloma-38165a549d3a,Supply,297
La Pampilla-c82280ceb8a0,Demand,22
La Pampilla-c82280ceb8a0,Supply,18
La Place-3db5c3c7bf08,Demand,46
La Plata-c06d7cba9b45,Demand,1028
La Salina-cac490186639,Supply,15
La Skhirra-ec363a356152,Supply,111
Labuan-7c41e61707fc,Demand,42
Labuan-7c41e61707fc,Supply,143
Lagos-47014fd09104,Supply,13
Laizhou-08bba6032811,Demand,24
Laizhou-08bba6032811,Supply,399
Lake Charles-8a861dedd10d,Demand,816
Lanshan-0b14723fa397,Demand,27
Lanshan-0b14723fa397,Supply,276
Larak Is.-56c401139f36,Demand,12
Larak Is.-56c401139f36,Supply,16
Las Minas-5762ea6ccd2d,Demand,73
Las Palmas-5d1a8657373a,Demand,124
Las Palmas-5d1a8657373a,Supply,1354
Lasawei-611eb914887d,Demand,10
Laurium-0c1bd8a6c6dd,Demand,77
Laurium-0c1bd8a6c6dd,Supply,355
Lavan-192e73959889,Demand,91
Lavan-192e73959889,Supply,269
Lazaro Cardenas-43bf0fb63d65,Supply,107
Le Havre-4c8da7f30f05,Demand,116
Le Havre-4c8da7f30f05,Supply,53
Leixoes-3deb77dbc15f,Demand,23
Lerwick-4daad61c0abb,Supply,26
Les Escoumins Harbor-3f35dc3969cd,Demand,343
Les Escoumins Harbor-3f35dc3969cd,Supply,102
Levis-10811e84a7d1,Demand,89
Levis-10811e84a7d1,Supply,83
Limassol-2e76e2e5ad30,Demand,46
Limassol-2e76e2e5ad30,Supply,12
Limboh Terminal-69a91073e2a8,Demand,50
Lirquen-19715cc8d779,Demand,408
Lirquen-19715cc8d779,Supply,29
Lisboa-0860dd02e960,Supply,293
Little Burin Harbor-bff5378de381,Supply,20
Littlehampton-0ffdc4e1fdd5,Demand,365
Liuheng-c7395faa59ca,Demand,87
Liuheng-c7395faa59ca,Supply,10
Liverpool-74c10d29bf7f,Demand,24
Livorno-706a305f41ba,Demand,539
Livorno-706a305f41ba,Supply,44
Llanddulas-aac8bb8548dc,Supply,10
Lombo East Terminal-f25cc6a7ab2b,Supply,9
Lome-ac60ca402042,Demand,118
Lome-ac60ca402042,Supply,162
Long Beach-4c3082f54073,Demand,10
Long Beach-4c3082f54073,Supply,12
Long Harbour-f1a2f89d1d91,Demand,27
Long Harbour-f1a2f89d1d91,Supply,12
Long Pond-b2e644d428b5,Supply,15
Longkou-83dd447f48b9,Demand,948
Longkou-83dd447f48b9,Supply,1103
Los Angeles-b69ef5ad9a4c,Demand,80
Los Angeles-b69ef5ad9a4c,Supply,61
Lowestoft-fa26f9b6e8fb,Demand,107
Lowestoft-fa26f9b6e8fb,Supply,11
Luanda-ca9aa21f6979,Demand,24
Luanda-ca9aa21f6979,Supply,51
Luba-7c3ce5a043e8,Supply,13
Lucaya-3d36bf68693f,Demand,52
Lucaya-3d36bf68693f,Supply,5311
Lufeng-c78290742b89,Supply,157
Luka Umag-0e9383c97640,Demand,389
Lumut-3dba541680de,Demand,32
Lushun-b9d1b7664b30,Demand,273
Lyness-b0a6e09ce2a9,Demand,197
Lyness-b0a6e09ce2a9,Supply,606
Macae-04cbbcf288b4,Supply,25
Macduff-60ed9bc1ed62,Demand,20
Macduff-60ed9bc1ed62,Supply,47
Madre De Deus-1d2feb9c4dd5,Demand,22
Madre De Deus-1d2feb9c4dd5,Supply,23
Madura Terminal-9e5b960103f1,Supply,25
Magpetco-c6d4b432d715,Demand,33
Magpetco-c6d4b432d715,Supply,29
Mai Liao-4dcea326f7a3,Demand,175
Mai Liao-4dcea326f7a3,Supply,2772
Makung-dba622fbac1f,Demand,663
Malabo-31e86d3dcbcb,Supply,74
Malacca-d424d47f4e04,Demand,11
Malacca-d424d47f4e04,Supply,135
Maldonado-1e4b751efa88,Demand,124
Maldonado-1e4b751efa88,Supply,18
Malmo-a3bc35ec1802,Supply,175
Malta Freeport-d3fb8c6279a1,Demand,23
Malta Freeport-d3fb8c6279a1,Supply,12
Mamonal-3f9fa4be84a1,Demand,50
Mamonal-3f9fa4be84a1,Supply,46
Manzanillo-e3f77d2cc736,Demand,102
Maoming-3dec36d49de2,Demand,556
Map Ta Phut-202fdc862c4c,Demand,360
Map Ta Phut-202fdc862c4c,Supply,18
Maracaibo-9c00abcf4d8a,Demand,148
Maracaibo-9c00abcf4d8a,Supply,19
March Point-2b6c25829a80,Demand,590
March Point-2b6c25829a80,Supply,91
Marcus Hook-9826103388b5,Demand,430
Marcus Hook-9826103388b5,Supply,100
Marmara Ereglisi-b53ee56ec9d8,Demand,9
Marrero-5646d4d00bdf,Supply,67
Marsa Al Hariga-915f1727d69b,Supply,12
Marsa-el-Brega-47896c91db43,Supply,9
Marsden Point-fcb0af7daf9a,Demand,88
Martinez-3b2eed3fba73,Demand,65
Martinez-3b2eed3fba73,Supply,625
Massawa-7c22a25024d3,Demand,13
Massawa-7c22a25024d3,Supply,33
Matanzas-0c7cf8ac0c2c,Demand,11
Meizhou-c47a793b6d55,Demand,324
Melbourne-b02fe931e82d,Demand,25
Melbourne-b02fe931e82d,Supply,15
Mellitah-f0d1246755ae,Supply,16
Mersin-96488f75954b,Demand,67
Mersin-96488f75954b,Supply,83
Mesaieed-a9436ca46624,Supply,12
Methil-e66612f17632,Demand,1159
Methil-e66612f17632,Supply,20
Midia-3dfd7036f3cc,Demand,29
Miike-Miyake-ef6584fefcde,Demand,52
Milazzo-fab25159eebe,Demand,387
Milazzo-fab25159eebe,Supply,216
Milford Haven-c669fc0bc437,Demand,26
Milford Haven-c669fc0bc437,Supply,82
Mina Abd Allah-32fa51f996b2,Supply,17
Mina Al Ahmadi Sea Island-98bd957bb207,Demand,91
Mina Al Ahmadi Sea Island-98bd957bb207,Supply,26
Mina Al Ahmadi-2d893ce729f6,Demand,10
Mina Al Ahmadi-2d893ce729f6,Supply,219
Mina Al Fahl-2478ba60dc4c,Demand,1599
Mina Al Fahl-2478ba60dc4c,Supply,56
Mina Saqr-91789deda526,Demand,85
Mina Saqr-91789deda526,Supply,120
Mina Saud-512fccf68466,Supply,17
Mindelo-0db13e7faaf3,Supply,71
Miri-1bb8c2143a5b,Supply,36
Mizushima-972596797070,Demand,164
Mobile-17568e28e776,Demand,707
Mohammedia-9d281db1f7e0,Demand,205
Mongstad-8338fd2d4afb,Demand,446
Mongstad-8338fd2d4afb,Supply,469
Montevideo-e1e5b78ae3af,Demand,99
Mostaganem-442f884f1f1d,Supply,40
Mostyn-bac51b8666bf,Demand,70
Moudi-a9543110b4e5,Supply,309
Muara Port-d2c7fb7122af,Demand,124
Mubarraz Oil Terminal-440295344cd7,Supply,216
Mumbai-2401570c9a9e,Demand,90
Mumbai-2401570c9a9e,Supply,2498
Mundra-77b0b5c9bfc5,Demand,92
Mundra-77b0b5c9bfc5,Supply,13
Murmansk-9908e9ea9558,Demand,78
Murmansk-9908e9ea9558,Supply,55
Muuga-98111e964fdd,Demand,22
Muuga-98111e964fdd,Supply,15
Nagasaki-7e87edcef775,Demand,257
Nagasaki-7e87edcef775,Supply,799
Nagoya-0273cf38f24f,Demand,1426
Nakhodka-eaf8326ce14b,Demand,329
Nakhodka-eaf8326ce14b,Supply,935
Namikata-47315960812a,Demand,187
Nansha-30b0e011c238,Demand,26
Nansha-30b0e011c238,Supply,13
Neapolis-e3a053861e52,Demand,51
Neapolis-e3a053861e52,Supply,570
Nederland Terminal-aba03a4a335d,Demand,145
Nederland Terminal-aba03a4a335d,Supply,122
Nemrut Bay-e89f801cf7ac,Demand,65
Nessebar-a47f3d0c08c1,Demand,17
Neves-981d0a428655,Supply,491
New Amsterdam-bc809b3811e1,Supply,33
New Mangalore-db679cd54805,Demand,167
New Mangalore-db679cd54805,Supply,270
New York/New Jersey-8cd5e206ca6b,Demand,13
New York/New Jersey-8cd5e206ca6b,Supply,12
Newhaven-1163ef20f7e0,Demand,155
Newport Beach-a7f62131303e,Demand,21
Newport Beach-a7f62131303e,Supply,11
Nghi Son-ee0978a45495,Demand,333
Ngqura-56172ec93945,Demand,28
Nicaro-631a50aefa47,Demand,67
Nieuwpoort-43a962e9aa39,Demand,387
Nieuwpoort-43a962e9aa39,Supply,15
Nigg-d550ac3d0b8f,Demand,452
Nigg-d550ac3d0b8f,Supply,365
Nikiski-9d186f9b4554,Supply,48
Nipah-d6661f39660d,Demand,39
Nishihara-c446948844e2,Demand,112
Niteroi-4f72e75cb748,Demand,239
Niteroi-4f72e75cb748,Supply,345
No 1-a3f3dce2871b,Demand,12
Norco-37e4851cb966,Demand,760
Norte Capixaba-63d8032fd2be,Supply,19
Northville-2e33ffbc97a8,Demand,60
Nouadhibou-47c16e5fd8bb,Supply,78
Noumea-06b91e621e7c,Demand,10
Novorossiysk CPC-3b26a9570fd1,Supply,74
Novorossiysk-45a5021eee47,Demand,23
Novorossiysk-45a5021eee47,Supply,17
Nyanga-12d8f6a196a1,Supply,22
Nynashamn-cb97573cc92f,Demand,12
Odden-b7d736f50f00,Demand,15
Odden-b7d736f50f00,Supply,12
Odessa-0ecbd229fca4,Demand,443
Odessa-0ecbd229fca4,Supply,288
Odudu-b8f65d99c416,Supply,16
Oita-d53c3f263e6d,Demand,376
Okata-b23de0969a82,Demand,12
Okha-bbd56498dcb1,Demand,79
Okha-bbd56498dcb1,Supply,13
Okinawa-49d614b5d6e9,Demand,91
Okinawa-49d614b5d6e9,Supply,215
Omisalj-89ece074914b,Demand,29
Omisalj-89ece074914b,Supply,25
Omo-6d353f446c37,Demand,37
Onagawa-0d3e08088a7a,Demand,28
Onahama Ko-7a3fed174612,Demand,258
Onsan-a7dc5f7a135b,Demand,104
Onsan-a7dc5f7a135b,Supply,13
Oostende-48dec42d65d0,Demand,20
Oran-6cbf14d6ae9b,Supply,47
Oranjestad-5fc0525971c3,Demand,63
Oranjestad-5fc0525971c3,Supply,303
Pachi Oil Terminal-a5df6199c9be,Demand,319
Palanca-bfff6a80e78a,Supply,33
Palembang-dd3c7a4a3537,Demand,38
Palembang-dd3c7a4a3537,Supply,99
Palenque Terminal-654496174969,Demand,29
Panama City-6a366b46b9bd,Demand,167
Panama City-6a366b46b9bd,Supply,207
Panjang-6ec3de3c55d8,Demand,244
Paradip-bbfab942f25c,Demand,9
Pascagoula-7c3cc504a701,Demand,1434
Pascagoula-7c3cc504a701,Supply,53
Pasir Gudang-afa2862ca9bc,Demand,24
Pasir Gudang-afa2862ca9bc,Supply,12
Paulina-65688ac9480b,Supply,77
Paulsboro-b860100abb51,Demand,1166
Pecem-19e976efca40,Supply,13
Pelintung-a3284c716c14,Supply,1167
Pembroke-c44d85ab621f,Demand,9
Pembroke-c44d85ab621f,Supply,33
Penara Terminal-d7cc9807a741,Supply,38
Penco-7e69146a18ac,Demand,15
Penco-7e69146a18ac,Supply,43
Pengerang-1ae97f4f549d,Demand,51
Pengerang-1ae97f4f549d,Supply,58
Penglai-67e1910b3b9d,Demand,63
Pennington-9b814f3f0f8d,Supply,24
Peterhead-1d608731f5b3,Supply,56
Petrochina Marine Terminal-197859dadbe0,Supply,28
Philadelphia-51672418fa6a,Demand,1708
Philadelphia-51672418fa6a,Supply,534
Piraeus-c16ef333d5f0,Supply,185
Pivdennyi-2a9246bd7341,Demand,109
Point Richmond-0ffdde27d38d,Demand,10
Point Richmond-0ffdde27d38d,Supply,45
Point Tupper-f3e3e61dc2f7,Demand,13
Point Tupper-f3e3e61dc2f7,Supply,13
Pointe A Pierre-c31df0e03203,Demand,71
Pointe A Pierre-c31df0e03203,Supply,31
Pointe Noire-6d641be85e76,Supply,30
Pointe aux Trembles-e95b1231c0a4,Demand,39
Ponta Do Ubu-582fde5e4522,Demand,85
Ponta Do Ubu-582fde5e4522,Supply,158
Porbandar-380a662573a7,Demand,32
Porbandar-380a662573a7,Supply,9
Port Angeles-084976ad6a70,Demand,13
Port Angeles-084976ad6a70,Supply,13
Port Aransas-29a8105fada5,Demand,191
Port Aransas-29a8105fada5,Supply,12
Port Arthur-26aba1bc33e8,Demand,25
Port Arthur-26aba1bc33e8,Supply,63
Port Bonython-f61309eaca5a,Supply,177
Port Canaveral-42636cb5a3b7,Demand,50
Port De Salvador-f8855b05ba0e,Demand,30
Port De Salvador-f8855b05ba0e,Supply,17
Port Dickson-47b3d9faec98,Demand,23
Port Dickson-47b3d9faec98,Supply,55
Port Elizabeth-2813f670d2cf,Supply,33
Port Everglades-1f1d93739176,Demand,12
Port Fourchon-39947b92ce27,Demand,16
Port Fourchon-39947b92ce27,Supply,11
Port Hueneme-540f60da7884,Demand,14
Port Hueneme-540f60da7884,Supply,41
Port Ingleside-768a671ec8e5,Demand,158
Port Ingleside-768a671ec8e5,Supply,359
Port Isabel-69b426430620,Demand,1263
Port Isabel-69b426430620,Supply,281
Port Klang-083f09688b4c,Demand,30
Port Klang-083f09688b4c,Supply,218
Port Louis-086c06178a7f,Supply,479
Port Moresby-e02b8ef56428,Demand,18
Port Neches-b1543f00d56b,Demand,100
Port Neches-b1543f00d56b,Supply,15
Port O'connor-8bbd6bb0380c,Demand,126
Port O'connor-8bbd6bb0380c,Supply,31
Port Said-73e707725c62,Demand,358
Port Said-73e707725c62,Supply,42
Port Sudan-6d04a46dcc42,Supply,40
Port Sulphur-2fc90e4a048b,Demand,58
Port Sulphur-2fc90e4a048b,Supply,52
Port of Annobon-04ef05407850,Supply,59
Portland Maine-bb32d49f9edf,Demand,1340
Porto Acu-db9c1341eaaa,Demand,535
Porto Acu-db9c1341eaaa,Supply,78
Portocel-dd1fa02e9dc2,Supply,25
Portsmouth-5fe042cf526d,Demand,36
Prigorodnoye-556300b689ad,Supply,404
Primorsk-1745900bf09d,Supply,18
Progreso-c07ce3a81043,Supply,10
Puerto Armuelles-b7cc9a85245c,Demand,2859
Puerto Armuelles-b7cc9a85245c,Supply,1034
Puerto Banus-12e857644c1c,Supply,696
Puerto Carenero-275e38f214d3,Supply,11
Puerto Cortes-190c625f6973,Demand,10
Puerto Jose-bd9e62d67225,Demand,285
Puerto Jose-bd9e62d67225,Supply,69
Puerto La Cruz-04e122120f88,Demand,405
Puerto La Cruz-04e122120f88,Supply,174
Puerto Manzanillo-31047163653d,Demand,475
Puerto Miranda-dfaaa9f47168,Demand,190
Puerto Miranda-dfaaa9f47168,Supply,10
Puerto Pedernales-89d8e8549b46,Supply,87
Puerto Rosales-945fc5e1ffa4,Demand,34
Puerto Rosales-945fc5e1ffa4,Supply,25
Puerto Sandino-875494a578f2,Demand,100
Puerto Ventanas-cac3a8f8b448,Demand,142
Punta Cardon-a3b8a4418174,Demand,531
Punta Cardon-a3b8a4418174,Supply,29
Punta Loyola-a4806fa850c7,Supply,73
Punta Piedras-e061feee7553,Supply,233
Punte Del Este-c2678f3bb8e5,Demand,898
Puttgarden-cfa37499f821,Demand,10
Pyeongtaek-0e39670a71f6,Demand,54
Qalhat-6ddf9bae4f6c,Supply,84
Qingdao-910e8b237492,Demand,198
Qingdao-910e8b237492,Supply,29
Qinglan-dc7e9ab52c44,Supply,45
Qinhuangdao-09efc9c7c0d1,Supply,596
Qinzhou-55f3f1f842bb,Demand,14
Qinzhou-55f3f1f842bb,Supply,81
Qua Iboe-cd7ce6d027dd,Supply,18
Quanzhou-69958f2a6f4b,Demand,42
Quinfuquena-1cdfa3923a92,Supply,12
Quintero-4b0992806f09,Demand,57
Quintero-4b0992806f09,Supply,13
Rabigh-4c7cf4448302,Demand,68
Rabigh-4c7cf4448302,Supply,29
Ramsgate-6d72c4317595,Supply,11
Ras Gharib-305f907eb640,Demand,416
Ras Gharib-305f907eb640,Supply,541
Ras Laffan-cb891923a010,Supply,21
Ras Lanuf-d961b870ccc1,Supply,15
Ras Shukheir-8cbc214c7efa,Demand,209
Ras Tanura-601e8fb13c3c,Demand,28
Ras Tanura-601e8fb13c3c,Supply,180
Rayong-3ff1a19509c1,Demand,13
Rayong-3ff1a19509c1,Supply,11
Rijeka-c859ae2c1617,Demand,60
Rio De Janeiro-ef2da6007e09,Demand,10
Rio De Janeiro-ef2da6007e09,Supply,26
Rio Grande-acd35aa33e60,Demand,171
Risavika-704d5c9901be,Supply,13
Rizhao-ebeadf61186b,Demand,1432
Rodeo-8e7a19dc6520,Demand,58
Rosarito-06bc5c8b3eec,Demand,108
Rosarito-06bc5c8b3eec,Supply,30
Rostock-3757c4df2366,Demand,137
Rostock-3757c4df2366,Supply,456
Rotterdam-92c070ce8e92,Demand,19
Rotterdam-92c070ce8e92,Supply,15
Rovigo LNG Terminal-4c3e484e457d,Demand,190
Rovigo LNG Terminal-4c3e484e457d,Supply,696
Rozi Island-2d31e93a80af,Demand,470
Rozi Island-2d31e93a80af,Supply,348
Ruwais-1ef3a6e42f3e,Demand,26
Ruwais-1ef3a6e42f3e,Supply,525
Ryde-55baeddac00e,Demand,16
Ryde-55baeddac00e,Supply,83
Rye Harbour-7fdaa1afd4e3,Demand,1462
Sabah Terminal-f96b052e46b2,Supply,24
Sabang-5d21d8589893,Demand,13
Sacomar Port-a4cafbecbd97,Supply,19
Sadat-9e690dd0eaf0,Demand,99
Sadat-9e690dd0eaf0,Supply,607
Saiki-e99fcec97afa,Demand,530
Saint John-99b5182a722a,Demand,64
Sakai-Semboku-c9b22e968c26,Demand,15
Saladin Marine Terminal-347c4826eab4,Supply,149
Salamis-db1e608fdaf0,Demand,175
Salaya-f0cd43ecdfdb,Demand,66
Salcombe Harbor-3e15227ecf9a,Supply,54
Saldanha Bay-74e231f7029a,Demand,465
Saldanha Bay-74e231f7029a,Supply,270
Salina Cruz-bef5961095f2,Supply,242
Salman-99b0595bd4d6,Supply,534
San Diego-3ec4fffd4225,Demand,11
San Diego-3ec4fffd4225,Supply,10
San Francisco-4df83263d680,Demand,32
San Francisco-4df83263d680,Supply,18
San Francisco-5cbd79283bad,Demand,22
San Francisco-5cbd79283bad,Supply,46
San Lorenzo-42507b58e7bf,Demand,731
San Nicolas-ff36bc1d90be,Demand,240
San Nicolas-ff36bc1d90be,Supply,84
San Pedro-0f135772b35e,Supply,62
San Sebastian Bay-61ff4b7d4540,Supply,14
San Vicente-37d45c87e8d9,Demand,45
San Vicente-37d45c87e8d9,Supply,413
Sanghi-05520d2f3b3f,Demand,23
Sanghi-05520d2f3b3f,Supply,10
Santa Cruz De Tenerife-e085fe41fd98,Demand,10
Santa Cruz De Tenerife-e085fe41fd98,Supply,140
Santa Panagia-efd40d901d95,Demand,476
Santa Panagia-efd40d901d95,Supply,77
Santan Terminal-9556d7983b63,Supply,51
Santo Antonio-cb00400ad4d6,Supply,38
Santo Tomas De Castilla-36a6bca53908,Supply,300
Santos-78f08d89b90b,Demand,1022
Santos-78f08d89b90b,Supply,12
Sao Francisco-a1636f5a0ca0,Demand,102
Sao Francisco-a1636f5a0ca0,Supply,38
Sao Sebastiao-0bca302110e4,Demand,40
Sao Sebastiao-0bca302110e4,Supply,396
Sao Tome-d8d7b9acbc72,Supply,39
Sarooj-d08b728964a0,Supply,35
Sarroch-5e39efaa7d08,Demand,898
Sarroch-5e39efaa7d08,Supply,59
Sattahip-70f1ba9bab58,Demand,34
Sattahip-70f1ba9bab58,Supply,24
Savona-db69bf4d9293,Demand,37
Savona-db69bf4d9293,Supply,17
Scheveningen-390407975ccc,Demand,144
Scheveningen-390407975ccc,Supply,97
Seattle-0e8e26b0e307,Supply,12
Sendai-d38eada9633b,Demand,39
Senipah-46d51be78b14,Demand,446
Senipah-46d51be78b14,Supply,10
Seogwipo-e71a59ee24b6,Demand,115
Seria-f656b1790602,Demand,565
Seria-f656b1790602,Supply,12
Severomorsk-d6ae36680926,Demand,12
Severomorsk-d6ae36680926,Supply,249
Sha Lung Terminal-0d1fe7cd72a2,Demand,36
Shanghai-0939779c35c2,Demand,17
Shanghai-0939779c35c2,Supply,41
Shantou-c41625a6f27d,Supply,9
Shanwei-6e2c129929a4,Supply,9
Sharm ash Shaykh-16045f0f6570,Demand,135
Shek Wu-66cd7894b8bd,Demand,32
Shenao-048edcc3200c,Demand,15
Shenzhen-efd846b87115,Demand,33
Shibushi Wan-9ff6fc1396fd,Demand,13
Shibushi Wan-9ff6fc1396fd,Supply,17
Shidao-f39f4c14e009,Demand,11
Shidao-f39f4c14e009,Supply,461
Shih Pu-9432ef173b5c,Demand,484
Shimotsu-3d4c4b2e6f91,Demand,1422
Shimotsu-3d4c4b2e6f91,Supply,99
Shisuo-f2a9d7b07860,Demand,13
Shoaiba-b2f055a8ad2c,Demand,35
Shoaiba-b2f055a8ad2c,Supply,14
Shoreham By-sea-539979e1dc61,Demand,36
Shuaiba-f453b0bc3593,Supply,12
Shuidong-023438863782,Demand,48
Shuqaiq-b93cf1301611,Demand,10
Shuqaiq-b93cf1301611,Supply,146
Sidi Kerir-552c943d8b08,Demand,764
Sidi Kerir-552c943d8b08,Supply,67
Sikka-2412f3454235,Demand,53
Sikka-2412f3454235,Supply,299
Sillamae-907fb7299dee,Supply,18
Sines-ab49749a9544,Demand,2585
Sines-ab49749a9544,Supply,56
Singapore-bfe15a9e31a0,Demand,234
Singapore-bfe15a9e31a0,Supply,26
Siri Terminal-49364b130a93,Supply,10
Sitra-64d805f973cc,Supply,42
Skagen Havn-db9fa00eadc5,Demand,61
Skagen Havn-db9fa00eadc5,Supply,14
Skikda-d728e6dfae5d,Supply,12
Skoldvik-9ac362d9504c,Demand,739
Skua Venture Terminal-f21130fd8ee9,Supply,79
Slagen-7e8c12fa544b,Demand,99
Slagen-7e8c12fa544b,Supply,25
Smiths Bluff-8218c47cd56c,Demand,20
Smiths Bluff-8218c47cd56c,Supply,470
Smogen-6c00d509baec,Demand,293
Smogen-6c00d509baec,Supply,10
Sohar-96f03dd66949,Demand,589
Sohar-96f03dd66949,Supply,470
South Riding Point-3209f163c450,Demand,14
South Riding Point-3209f163c450,Supply,47
Southwest Pass-bcf54ac59c4c,Demand,872
Southwest Pass-bcf54ac59c4c,Supply,16
Soyo-Quinfuquena Terminal-5d7f58ba717c,Supply,15
Sriracha-6848d1a49775,Demand,568
Sriracha-6848d1a49775,Supply,80
St Croix-746521cb3acc,Demand,21
St Croix-746521cb3acc,Supply,91
St Eustatius-6d04d0582e89,Demand,20
St Eustatius-6d04d0582e89,Supply,403
St Petersburg-ee5cca05838e,Supply,58
St Rose-8366881db461,Demand,750
St Rose-8366881db461,Supply,149
St. James-f7d07a0501fa,Demand,46
St. James-f7d07a0501fa,Supply,63
St. John's-167371d92a27,Supply,10
St. Paul's Bay-173c82902bec,Demand,506
St. Paul's Bay-173c82902bec,Supply,10
Statfjord Terminal-4deb8eea9fde,Supply,20
Stigsnaesvaerkets Havn-121bc17e59e9,Demand,88
Stigsnaesvaerkets Havn-121bc17e59e9,Supply,11
Stromness-8f0bc183e5a9,Supply,13
Sture-306d65b12c37,Supply,42
Su-ao-5f52a1dad8f2,Demand,120
Suakin-b28c090bf93b,Supply,117
Suape-b993f91ea377,Demand,1880
Suape-b993f91ea377,Supply,85
Suez-4ad378ddd198,Demand,44
Suez-4ad378ddd198,Supply,30
Sugozu-bb976476029b,Supply,586
Sullom Voe-ed67292751d4,Supply,16
Sungai Udang-fdc7302ba47a,Demand,69
Sungai Udang-fdc7302ba47a,Supply,33
Sungaipakning-1ef0d5d41b98,Demand,633
Sunshine-c11110d611dc,Demand,23
Supsa-4307a17898f5,Supply,137
Suralaya-5cca1a6fc7fd,Demand,19
Tabangao-9a48d0aac0d7,Demand,24
Tachibana-6f7f6a7dfe03,Demand,26
Taean-f841f4ef5a9f,Demand,39
Taft-04f575e5d893,Demand,270
Taft-04f575e5d893,Supply,64
Taichung-7354b6d28ef6,Demand,199
Taipei-5a4e0dfabd8a,Demand,73
Taizhou-12321b93d725,Demand,21
Takoradi-d0135296250c,Demand,94
Takoradi-d0135296250c,Supply,106
Talara-9c8afdbf5bad,Demand,30
Talara-9c8afdbf5bad,Supply,15
Talcahuano-f218806b0ec7,Demand,24
Talcahuano-f218806b0ec7,Supply,66
Tallinn-55e0541e5b2a,Demand,11
Tallinn-55e0541e5b2a,Supply,10
Taman-9f1125c5b4b6,Demand,302
Taman-9f1125c5b4b6,Supply,207
Tampico-d7f4205ad8ae,Demand,352
Tampico-d7f4205ad8ae,Supply,16
Tanabe Ko-e8301a091f19,Demand,134
Tangier-Mediterranee-20d2f2d15e0b,Demand,9980
Tanjung Intan-dcdffcad4714,Demand,24
Tanjung Intan-dcdffcad4714,Supply,38
Tanjung Langsat-306a4b339ba9,Demand,16
Tanjung Langsat-306a4b339ba9,Supply,78
Tanjung Pakis-8e20d1ad4e27,Supply,17
Tanjung Pandan-fd7fe3aef696,Demand,22
Tanjung Pelepas-71ae886ba35d,Demand,169
Tanjung Pelepas-71ae886ba35d,Supply,10
Taranto-ede861548441,Demand,521
Tarragona-75e622055165,Demand,1106
Tarragona-75e622055165,Supply,36
Tartan Terminal-268340876e53,Supply,317
Tateyama Ko-41c66a8c4ac8,Demand,13
Taura-2b5bd2d8ee2a,Demand,1938
Tchatamba Marine Terminal-d624a7d093e5,Supply,10
Tecarmo Aracaju-a186b113ec8b,Supply,155
Teesport-736acdd7afa2,Supply,81
Teluk Rubiah-e4929c3bd877,Demand,28
Tema-ad7af47553e0,Demand,21
Tema-ad7af47553e0,Supply,31
Tenes-bcf7a64fa258,Demand,163
Tenes-bcf7a64fa258,Supply,1347
Tepre Terminal-1ae568886737,Supply,51
Texas City-28cb23375401,Demand,41
Texas City-28cb23375401,Supply,27
Thessaloniki-66e8437b5188,Demand,12
Tianjin-6fb346c7ceca,Demand,202
Tianjin-6fb346c7ceca,Supply,72
Toba-08f56e4aaa4e,Demand,15
Tomakomai-c94f864ced4a,Demand,124
Tomakomai-c94f864ced4a,Supply,14
Tosa-shimizu-e76ed49f73db,Demand,55
Tracy-69d17ddc9131,Supply,77
Tramandai-9708170895cc,Demand,47
Tramandai-9708170895cc,Supply,11
Tranmere-7a5883e42177,Demand,673
Trieste-2aed856f346e,Demand,10
Trieste-2aed856f346e,Supply,12
Trincomalee Harbor-9de2fbedb23d,Demand,12
Trincomalee Harbor-9de2fbedb23d,Supply,21
Troon-38d199a7c2e1,Demand,11
Tuapse-49cfa42e4026,Supply,10
Tuban Marine Terminal-23b7587789dc,Supply,32
Tuban-a24ac0e38ee9,Demand,27
Tuban-a24ac0e38ee9,Supply,23
Tubarao-4848d977be95,Demand,116
Tubarao-4848d977be95,Supply,13
Tumaco-1fcbbc4d05f2,Supply,151
Tutunciftlik-193af158122c,Demand,150
Tuxpan-d3f9c4372fe0,Demand,213
Ube-c273f1ec2e46,Demand,712
Ulsan-b3b140b8d0ea,Demand,251
Ulsan-b3b140b8d0ea,Supply,134
Umm Qasr-cf5700891386,Supply,11
Ushant-9da0b2371bfa,Supply,621
Ust-Luga-e9ea2bf59471,Demand,64
Ust-Luga-e9ea2bf59471,Supply,226
Vadinar-95b0ec8946e3,Demand,37
Vadinar-95b0ec8946e3,Supply,91
Vado Ligure-c87d27fa8b7b,Demand,168
Valdez-2044032df24e,Supply,70
Valletta Harbors-9964ebed3065,Demand,2381
Valletta Harbors-9964ebed3065,Supply,14
Vancouver-3e2e2c90248e,Supply,367
Varandey-d4bcafba1db4,Supply,537
Varanus-ce766ecf7dc3,Supply,454
Vatika Bay-443d87c3c171,Supply,61
Ventspils-4c7c50361179,Supply,2548
Violet-2381807cf9a0,Demand,74
Visakhapatnam-73ed77525071,Demand,626
Vlissingen-71c1b08d6d65,Supply,27
Vostochny-a1059c7eeec6,Supply,57
Vung Tau-fd30e1b2fc95,Supply,3856
Vysotsk-473b36081811,Supply,32
Wadi Feiran-f112385ebe45,Demand,289
Wadi Feiran-f112385ebe45,Supply,650
Walvis Bay-369248f61f6f,Supply,583
Weizhou Island-c73b468c4fba,Supply,109
Western Yantai-95889f42a047,Demand,9
Whakaaropai Terminal-8a42c792d8d6,Supply,18
Whiffen Head-9d95e17d2034,Demand,113
Whiffen Head-9d95e17d2034,Supply,10
Whitegate-af96b36e8476,Demand,229
Whitegate-af96b36e8476,Supply,17
Whyalla-d339d497833b,Supply,195
Widuri Marine Terminal-4917077fd7e9,Supply,305
Wilhelmshaven-34a71cee910d,Demand,130
Wilhelmshaven-34a71cee910d,Supply,67
Willemstad-9cf9d3381517,Demand,516
Willemstad-9cf9d3381517,Supply,18
Xijiang Terminal-f6552acab4d7,Demand,17
Xijiang Terminal-f6552acab4d7,Supply,16
Yabucoa-01be197794dc,Demand,15
Yanbu-28f231cac387,Demand,308
Yanbu-28f231cac387,Supply,43
Yangpu-da9d66d9e3a9,Demand,37
Yangpu-da9d66d9e3a9,Supply,268
Yangshan-6984eab6a8fc,Demand,230
Yantian-856379709c13,Demand,720
Yantian-856379709c13,Supply,289
Yeosu-e9b7bd6fcddb,Demand,62
Yeosu-e9b7bd6fcddb,Supply,12
Yingkou-54cfde7f5e3d,Demand,590
Yithion-2326abdb26a1,Supply,626
Yizheng-dff2e2344dd3,Demand,12
Yokkaichi-4e5f3a884727,Demand,23
Yokohama-aa8f1ab13ec7,Demand,27
Yokohama-aa8f1ab13ec7,Supply,501
Yumurtalik-4545edd2bd41,Supply,153
Yura-7aaaa98a7398,Demand,10
Zaafarana Terminal-c89ca7e88418,Demand,11
Zafiro-78c50cfb00e2,Supply,17
Zeebrugge-6352196beb0e,Demand,13
Zeit Bay Terminal-743e257bfe00,Demand,13
Zeit Bay Terminal-743e257bfe00,Supply,57
Zhanjiang-71e260383bb7,Demand,40
Zhanjiang-71e260383bb7,Supply,742
Zhoushan-611472facb34,Demand,24
Zhoushan-611472facb34,Supply,61
Zhuhai-937947ea68bb,Demand,10
Zhuhai-937947ea68bb,Supply,610
Zirku Island-a43755386268,Supply,225
